{"cameraMode":{"drawMode":0,"name":"Shaded","section":"Shading Mode"},"sceneLighting":true,"audioPlay":false,"sceneViewState":{"showFog":false,"showMaterialUpdate":false,"showSkybox":false,"showFlares":false,"showImageEffects":false,"showParticleSystems":false},"in2DMode":false,"pivot":{"x":-2.4002468585968019,"y":-2.305025577545166,"z":-11.161211013793946},"rotation":{"x":-0.14411675930023194,"y":0.8553488850593567,"z":-0.3320310413837433,"w":-0.3710494935512543},"size":8.15166187286377,"orthographic":false}