{"cameraMode":{"drawMode":0,"name":"Shaded","section":"Shading Mode"},"sceneLighting":true,"audioPlay":false,"sceneViewState":{"showFog":false,"showMaterialUpdate":false,"showSkybox":false,"showFlares":false,"showImageEffects":false,"showParticleSystems":false},"in2DMode":false,"pivot":{"x":-6.3681488037109379,"y":-2.757246732711792,"z":3.1248044967651369},"rotation":{"x":-0.12416229397058487,"y":0.44457894563674929,"z":-0.062218401581048968,"w":-0.8850842714309692},"size":24.591611862182618,"orthographic":false}