{"cameraMode":{"drawMode":0,"name":"Shaded","section":"Shading Mode"},"sceneLighting":true,"audioPlay":false,"sceneViewState":{"showFog":false,"showMaterialUpdate":false,"showSkybox":false,"showFlares":false,"showImageEffects":false,"showParticleSystems":false},"in2DMode":false,"pivot":{"x":59.897090911865237,"y":0.9605883359909058,"z":-26.77676773071289},"rotation":{"x":0.012531081214547158,"y":-0.7102530002593994,"z":0.7040450572967529,"w":0.013579685240983963},"size":7.856585502624512,"orthographic":true}