{"cameraMode":{"drawMode":0,"name":"Shaded","section":"Shading Mode"},"sceneLighting":true,"audioPlay":false,"sceneViewState":{"showFog":false,"showMaterialUpdate":false,"showSkybox":false,"showFlares":false,"showImageEffects":false,"showParticleSystems":false},"in2DMode":false,"pivot":{"x":-6.000659942626953,"y":40.31163787841797,"z":21.24419403076172},"rotation":{"x":0.008674110285937786,"y":0.9615832567214966,"z":-0.27266913652420046,"w":0.0305895134806633},"size":42.28083038330078,"orthographic":false}