{"cameraMode":{"drawMode":0,"name":"Shaded","section":"Shading Mode"},"sceneLighting":true,"audioPlay":false,"sceneViewState":{"showFog":false,"showMaterialUpdate":false,"showSkybox":false,"showFlares":false,"showImageEffects":false,"showParticleSystems":false},"in2DMode":false,"pivot":{"x":-31.57533836364746,"y":34.01258087158203,"z":5.698516845703125},"rotation":{"x":0.09863022714853287,"y":0.4962501525878906,"z":0.057089176028966907,"w":-0.8608343005180359},"size":110.12096405029297,"orthographic":false}