{"cameraMode":{"drawMode":0,"name":"Shaded","section":"Shading Mode"},"sceneLighting":false,"audioPlay":false,"sceneViewState":{"showFog":false,"showMaterialUpdate":false,"showSkybox":false,"showFlares":false,"showImageEffects":false,"showParticleSystems":false},"in2DMode":false,"pivot":{"x":4.984896659851074,"y":0.9031103253364563,"z":2.6639177799224855},"rotation":{"x":0.13638851046562196,"y":-0.8063827753067017,"z":0.2044513076543808,"w":0.5379242897033691},"size":3.9069793224334719,"orthographic":false}