{"cameraMode":{"drawMode":0,"name":"Shaded","section":"Shading Mode"},"sceneLighting":true,"audioPlay":false,"sceneViewState":{"showFog":false,"showMaterialUpdate":false,"showSkybox":false,"showFlares":false,"showImageEffects":false,"showParticleSystems":false},"in2DMode":false,"pivot":{"x":13.54609489440918,"y":40.703643798828128,"z":-41.21882629394531},"rotation":{"x":0.0016509570414200426,"y":0.816715657711029,"z":0.5775318741798401,"w":-0.00022940870258025825},"size":25.657976150512697,"orthographic":false}