{"cameraMode":{"drawMode":0,"name":"Shaded","section":"Shading Mode"},"sceneLighting":true,"audioPlay":false,"sceneViewState":{"showFog":false,"showMaterialUpdate":false,"showSkybox":false,"showFlares":false,"showImageEffects":false,"showParticleSystems":false},"in2DMode":false,"pivot":{"x":-1.3686752319335938,"y":1.685546875,"z":46.46875},"rotation":{"x":0.0012877113185822964,"y":0.925147533416748,"z":-0.3796357810497284,"w":0.0030353365000337364},"size":13.805593490600586,"orthographic":true}