{"cameraMode":{"drawMode":0,"name":"Shaded","section":"Shading Mode"},"sceneLighting":true,"audioPlay":false,"sceneViewState":{"showFog":false,"showMaterialUpdate":false,"showSkybox":false,"showFlares":false,"showImageEffects":false,"showParticleSystems":false},"in2DMode":false,"pivot":{"x":-11.753536224365235,"y":-2.1069412231445314,"z":-5.639658451080322},"rotation":{"x":-0.15573635697364808,"y":0.7047577500343323,"z":-0.16293300688266755,"w":-0.6729280948638916},"size":25.28501319885254,"orthographic":false}