{"cameraMode":{"drawMode":0,"name":"Shaded","section":"Shading Mode"},"sceneLighting":true,"audioPlay":false,"sceneViewState":{"showFog":false,"showMaterialUpdate":false,"showSkybox":false,"showFlares":false,"showImageEffects":false,"showParticleSystems":false},"in2DMode":false,"pivot":{"x":-33.369850158691409,"y":0.9605812430381775,"z":-9.51993179321289},"rotation":{"x":0.21061237156391145,"y":-0.7878031134605408,"z":0.4015684723854065,"w":0.41745808720588686},"size":2.9158143997192385,"orthographic":true}