{"cameraMode":{"drawMode":0,"name":"Shaded","section":"Shading Mode"},"sceneLighting":true,"audioPlay":false,"sceneViewState":{"showFog":false,"showMaterialUpdate":false,"showSkybox":false,"showFlares":false,"showImageEffects":false,"showParticleSystems":false},"in2DMode":false,"pivot":{"x":27.701454162597658,"y":5.564111709594727,"z":-14.276887893676758},"rotation":{"x":0.2069624811410904,"y":0.3149174153804779,"z":-0.06941031664609909,"w":0.9239838719367981},"size":25.657976150512697,"orthographic":false}