{"cameraMode":{"drawMode":0,"name":"Shaded","section":"Shading Mode"},"sceneLighting":true,"audioPlay":false,"sceneViewState":{"showFog":false,"showMaterialUpdate":false,"showSkybox":false,"showFlares":false,"showImageEffects":false,"showParticleSystems":false},"in2DMode":false,"pivot":{"x":-22.116174697875978,"y":-27.51150131225586,"z":-68.8202133178711},"rotation":{"x":0.030581828206777574,"y":-0.9654982686042786,"z":0.22145597636699677,"w":0.1355038434267044},"size":82.90602111816406,"orthographic":false}