{"cameraMode":{"drawMode":0,"name":"Shaded","section":"Shading Mode"},"sceneLighting":true,"audioPlay":false,"sceneViewState":{"showFog":false,"showMaterialUpdate":false,"showSkybox":false,"showFlares":false,"showImageEffects":false,"showParticleSystems":false},"in2DMode":false,"pivot":{"x":-3.1042308807373049,"y":-5.128767967224121,"z":-6.630895614624023},"rotation":{"x":-0.14411675930023194,"y":0.8553488850593567,"z":-0.3320310413837433,"w":-0.3710494935512543},"size":14.070631980895996,"orthographic":false}